informal_stmt,formal_stmt,header,proof_state,mathlib_dependencies,hard_dependencies,source,problem_name,full_name,problem_type,cotain helper,header_wo_helper,helper
"If $s_{1}=\sqrt{2}$, and $s_{n+1}=\sqrt{2+\sqrt{s_{n}}} \quad(n=1,2,3, \ldots),$ prove that $\left\{s_{n}\right\}$ converges, and that $s_{n}<2$ for $n=1,2,3, \ldots$.","theorem exercise_3_3
  : ∃ (x : ℝ), Tendsto f atTop (𝓝 x) ∧ ∀ n, f n < 2 :=
sorry","import Mathlib

open Topology Filter Real Complex TopologicalSpace Finset
open scoped BigOperators
noncomputable section


noncomputable def f : ℕ → ℝ
| 0 => sqrt 2
| (n + 1) => sqrt (2 + sqrt (f n))


","⊢ ∃ x, Filter.Tendsto f Filter.atTop (𝓝 x) ∧ ∀ (n : ℕ), f n < 2","['Filter.Tendsto', 'Filter.atTop']","[{'full_name': 'f', 'formal_stmt': 'def f : ℕ → ℝ\n| 0 => sqrt 2\n| (n + 1) => sqrt (2 + sqrt (f n))', 'informal_stmt': 'The function `f` recursively defines a sequence of real numbers where each term is the square root of the sum of 2 and the square root of the previous term, starting with `sqrt 2`.', 'mathlib_dependencies': ['Real.sqrt'], 'hard_dependencies': [], 'header': 'def f (a✝ : ℕ ) :ℝ'}]",Rudin,exercise_3_3,Rudin.exercise_3_3,proof,True,"import Mathlib

open Topology Filter Real Complex TopologicalSpace Finset
open scoped BigOperators
noncomputable section","noncomputable def f : ℕ → ℝ
| 0 => sqrt 2
| (n + 1) => sqrt (2 + sqrt (f n))"
"Prove that $\lim_{n \rightarrow \infty} \sum_{i<n} a_i = \infty$, where $a_i = \sqrt{i + 1} -\sqrt{i}$.","theorem exercise_3_6a
: Tendsto (λ (n : ℕ) => (∑ i in range n, g i)) atTop atTop :=
sorry","import Mathlib

open Topology Filter Real Complex TopologicalSpace Finset
open scoped BigOperators
noncomputable section


def g (n : ℕ) : ℝ := sqrt (n + 1) - sqrt n


","⊢ Filter.Tendsto (fun n ↦ ∑ i in Finset.range n, g i) Filter.atTop Filter.atTop","['Filter.Tendsto', 'Finset.range', 'Filter.atTop']","[{'full_name': 'g', 'formal_stmt': 'def g (n : ℕ) : ℝ := sqrt (n + 1) - sqrt n', 'informal_stmt': 'The function `g` maps a natural number `n` to the difference between the square roots of `n+1` and `n`.', 'mathlib_dependencies': ['Real.sqrt'], 'hard_dependencies': [], 'header': 'def g (n : ℕ ) :ℝ'}]",Rudin,exercise_3_6a,Rudin.exercise_3_6a,proof,True,"import Mathlib

open Topology Filter Real Complex TopologicalSpace Finset
open scoped BigOperators
noncomputable section",def g (n : ℕ) : ℝ := sqrt (n + 1) - sqrt n
"If $\mathcal{T}_\alpha$ is a family of topologies on $X$, show that $\bigcap \mathcal{T}_\alpha$ is a topology on $X$.","theorem exercise_13_4a1 (X I : Type*) (T : I → Set (Set X)) (h : ∀ i, is_topology X (T i)) :
  is_topology X (⋂ i : I, T i) :=
sorry","import Mathlib

open Filter Set TopologicalSpace
open scoped Topology
noncomputable section


def is_topology (X : Type*) (T : Set (Set X)) :=
  univ ∈ T ∧
  (∀ s t, s ∈ T → t ∈ T → s ∩ t ∈ T) ∧
  (∀s, (∀t ∈ s, t ∈ T) → sUnion s ∈ T)


","X : Type u_1
I : Type u_2
T : I → Set (Set X)
h : ∀ (i : I), is_topology X (T i)
⊢ is_topology X (⋂ i, T i)",['Set'],"[{'full_name': 'is_topology', 'formal_stmt': 'def is_topology (X : Type*) (T : Set (Set X)) :=\n  univ ∈ T ∧\n  (∀ s t, s ∈ T → t ∈ T → s ∩ t ∈ T) ∧\n  (∀s, (∀t ∈ s, t ∈ T) → sUnion s ∈ T)', 'informal_stmt': 'A topology on a type `X` is a collection `T` of subsets of `X` that includes the universal set, is closed under finite intersections, and is closed under arbitrary unions.', 'mathlib_dependencies': ['Set', 'Set.univ', 'Set.sUnion'], 'hard_dependencies': [], 'header': 'def is_topology (X : Type u_1) (T : Set (Set X)) :Prop'}]",Munkres,exercise_13_4a1,Munkres.exercise_13_4a1,proof,True,"import Mathlib

open Filter Set TopologicalSpace
open scoped Topology
noncomputable section","def is_topology (X : Type*) (T : Set (Set X)) :=
  univ ∈ T ∧
  (∀ s t, s ∈ T → t ∈ T → s ∩ t ∈ T) ∧
  (∀s, (∀t ∈ s, t ∈ T) → sUnion s ∈ T)"
"If $\mathcal{T}_\alpha$ is a family of topologies on $X$, show that $\bigcup \mathcal{T}_\alpha$ does not need to be a topology on $X$.","theorem exercise_13_4a2 :
  ∃ (X I : Type*) (T : I → Set (Set X)),
  (∀ i, is_topology X (T i)) ∧ ¬  is_topology X (⋂ i : I, T i) :=
sorry","import Mathlib

open Filter Set TopologicalSpace
open scoped Topology
noncomputable section


def is_topology (X : Type*) (T : Set (Set X)) :=
  univ ∈ T ∧
  (∀ s t, s ∈ T → t ∈ T → s ∩ t ∈ T) ∧
  (∀s, (∀t ∈ s, t ∈ T) → sUnion s ∈ T)


","⊢ ∃ X I T, (∀ (i : I), is_topology X (T i)) ∧ ¬is_topology X (⋂ i, T i)",[],"[{'full_name': 'is_topology', 'formal_stmt': 'def is_topology (X : Type*) (T : Set (Set X)) :=\n  univ ∈ T ∧\n  (∀ s t, s ∈ T → t ∈ T → s ∩ t ∈ T) ∧\n  (∀s, (∀t ∈ s, t ∈ T) → sUnion s ∈ T)', 'informal_stmt': 'A topology on a type `X` is a collection `T` of subsets of `X` that includes the universal set, is closed under finite intersections, and is closed under arbitrary unions.', 'mathlib_dependencies': ['Set', 'Set.univ', 'Set.sUnion'], 'hard_dependencies': [], 'header': 'def is_topology (X : Type u_1) (T : Set (Set X)) :Prop'}]",Munkres,exercise_13_4a2,Munkres.exercise_13_4a2,proof,True,"import Mathlib

open Filter Set TopologicalSpace
open scoped Topology
noncomputable section","def is_topology (X : Type*) (T : Set (Set X)) :=
  univ ∈ T ∧
  (∀ s t, s ∈ T → t ∈ T → s ∩ t ∈ T) ∧
  (∀s, (∀t ∈ s, t ∈ T) → sUnion s ∈ T)"
Let $\mathcal{T}_\alpha$ be a family of topologies on $X$. Show that there is a unique smallest topology on $X$ containing all the collections $\mathcal{T}_\alpha$.,"theorem exercise_13_4b1 (X I : Type*) (T : I → Set (Set X)) (h : ∀ i, is_topology X (T i)) :
  ∃! T', is_topology X T' ∧ (∀ i, T i ⊆ T') ∧
  ∀ T'', is_topology X T'' → (∀ i, T i ⊆ T'') → T'' ⊆ T' :=
sorry","import Mathlib

open Filter Set TopologicalSpace
open scoped Topology
noncomputable section


def is_topology (X : Type*) (T : Set (Set X)) :=
  univ ∈ T ∧
  (∀ s t, s ∈ T → t ∈ T → s ∩ t ∈ T) ∧
  (∀s, (∀t ∈ s, t ∈ T) → sUnion s ∈ T)


","X : Type u_1
I : Type u_2
T : I → Set (Set X)
h : ∀ (i : I), is_topology X (T i)
⊢ ∃! T', is_topology X T' ∧ (∀ (i : I), T i ⊆ T') ∧ ∀ (T'' : Set (Set X)), is_topology X T'' → (∀ (i : I), T i ⊆ T'') → T'' ⊆ T'",['Set'],"[{'full_name': 'is_topology', 'formal_stmt': 'def is_topology (X : Type*) (T : Set (Set X)) :=\n  univ ∈ T ∧\n  (∀ s t, s ∈ T → t ∈ T → s ∩ t ∈ T) ∧\n  (∀s, (∀t ∈ s, t ∈ T) → sUnion s ∈ T)', 'informal_stmt': 'A topology on a type `X` is a collection `T` of subsets of `X` that includes the universal set, is closed under finite intersections, and is closed under arbitrary unions.', 'mathlib_dependencies': ['Set', 'Set.univ', 'Set.sUnion'], 'hard_dependencies': [], 'header': 'def is_topology (X : Type u_1) (T : Set (Set X)) :Prop'}]",Munkres,exercise_13_4b1,Munkres.exercise_13_4b1,proof,True,"import Mathlib

open Filter Set TopologicalSpace
open scoped Topology
noncomputable section","def is_topology (X : Type*) (T : Set (Set X)) :=
  univ ∈ T ∧
  (∀ s t, s ∈ T → t ∈ T → s ∩ t ∈ T) ∧
  (∀s, (∀t ∈ s, t ∈ T) → sUnion s ∈ T)"
Let $\mathcal{T}_\alpha$ be a family of topologies on $X$. Show that there is a unique largest topology on $X$ contained in all the collections $\mathcal{T}_\alpha$.,"theorem exercise_13_4b2 (X I : Type*) (T : I → Set (Set X)) (h : ∀ i, is_topology X (T i)) :
  ∃! T', is_topology X T' ∧ (∀ i, T' ⊆ T i) ∧
  ∀ T'', is_topology X T'' → (∀ i, T'' ⊆ T i) → T' ⊆ T'' :=
sorry","import Mathlib

open Filter Set TopologicalSpace
open scoped Topology
noncomputable section


def is_topology (X : Type*) (T : Set (Set X)) :=
  univ ∈ T ∧
  (∀ s t, s ∈ T → t ∈ T → s ∩ t ∈ T) ∧
  (∀s, (∀t ∈ s, t ∈ T) → sUnion s ∈ T)


","X : Type u_1
I : Type u_2
T : I → Set (Set X)
h : ∀ (i : I), is_topology X (T i)
⊢ ∃! T', is_topology X T' ∧ (∀ (i : I), T' ⊆ T i) ∧ ∀ (T'' : Set (Set X)), is_topology X T'' → (∀ (i : I), T'' ⊆ T i) → T' ⊆ T''",['Set'],"[{'full_name': 'is_topology', 'formal_stmt': 'def is_topology (X : Type*) (T : Set (Set X)) :=\n  univ ∈ T ∧\n  (∀ s t, s ∈ T → t ∈ T → s ∩ t ∈ T) ∧\n  (∀s, (∀t ∈ s, t ∈ T) → sUnion s ∈ T)', 'informal_stmt': 'A topology on a type `X` is a collection `T` of subsets of `X` that includes the universal set, is closed under finite intersections, and is closed under arbitrary unions.', 'mathlib_dependencies': ['Set', 'Set.univ', 'Set.sUnion'], 'hard_dependencies': [], 'header': 'def is_topology (X : Type u_1) (T : Set (Set X)) :Prop'}]",Munkres,exercise_13_4b2,Munkres.exercise_13_4b2,proof,True,"import Mathlib

open Filter Set TopologicalSpace
open scoped Topology
noncomputable section","def is_topology (X : Type*) (T : Set (Set X)) :=
  univ ∈ T ∧
  (∀ s t, s ∈ T → t ∈ T → s ∩ t ∈ T) ∧
  (∀s, (∀t ∈ s, t ∈ T) → sUnion s ∈ T)"
"Show that if $\mathcal{A}$ is a basis for a topology on $X$, then the topology generated by $\mathcal{A}$ equals the intersection of all topologies on $X$ that contain $\mathcal{A}$.","theorem exercise_13_5a {X : Type*}
  [TopologicalSpace X] (A : Set (Set X)) (hA : IsTopologicalBasis A) :
  generateFrom A = generateFrom (sInter {T | is_topology X T ∧ A ⊆ T}) :=
sorry","import Mathlib

open Filter Set TopologicalSpace
open scoped Topology
noncomputable section


def is_topology (X : Type*) (T : Set (Set X)) :=
  univ ∈ T ∧
  (∀ s t, s ∈ T → t ∈ T → s ∩ t ∈ T) ∧
  (∀s, (∀t ∈ s, t ∈ T) → sUnion s ∈ T)


","X : Type u_1
inst✝ : TopologicalSpace X
A : Set (Set X)
hA : TopologicalSpace.IsTopologicalBasis A
⊢ TopologicalSpace.generateFrom A = TopologicalSpace.generateFrom (⋂₀ {T | is_topology X T ∧ A ⊆ T})","['TopologicalSpace', 'Set', 'TopologicalSpace.IsTopologicalBasis', 'TopologicalSpace.generateFrom']","[{'full_name': 'is_topology', 'formal_stmt': 'def is_topology (X : Type*) (T : Set (Set X)) :=\n  univ ∈ T ∧\n  (∀ s t, s ∈ T → t ∈ T → s ∩ t ∈ T) ∧\n  (∀s, (∀t ∈ s, t ∈ T) → sUnion s ∈ T)', 'informal_stmt': 'A topology on a type `X` is a collection `T` of subsets of `X` that includes the universal set, is closed under finite intersections, and is closed under arbitrary unions.', 'mathlib_dependencies': ['Set', 'Set.univ', 'Set.sUnion'], 'hard_dependencies': [], 'header': 'def is_topology (X : Type u_1) (T : Set (Set X)) :Prop'}]",Munkres,exercise_13_5a,Munkres.exercise_13_5a,proof,True,"import Mathlib

open Filter Set TopologicalSpace
open scoped Topology
noncomputable section","def is_topology (X : Type*) (T : Set (Set X)) :=
  univ ∈ T ∧
  (∀ s t, s ∈ T → t ∈ T → s ∩ t ∈ T) ∧
  (∀s, (∀t ∈ s, t ∈ T) → sUnion s ∈ T)"
"Show that if $\mathcal{A}$ is a subbasis for a topology on $X$, then the topology generated by $\mathcal{A}$ equals the intersection of all topologies on $X$ that contain $\mathcal{A}$.","theorem exercise_13_5b {X : Type*}
  [t : TopologicalSpace X] (A : Set (Set X)) (hA : t = generateFrom A) :
  generateFrom A = generateFrom (sInter {T | is_topology X T ∧ A ⊆ T}) :=
sorry","import Mathlib

open Filter Set TopologicalSpace
open scoped Topology
noncomputable section


def is_topology (X : Type*) (T : Set (Set X)) :=
  univ ∈ T ∧
  (∀ s t, s ∈ T → t ∈ T → s ∩ t ∈ T) ∧
  (∀s, (∀t ∈ s, t ∈ T) → sUnion s ∈ T)


","X : Type u_1
t : TopologicalSpace X
A : Set (Set X)
hA : t = TopologicalSpace.generateFrom A
⊢ TopologicalSpace.generateFrom A = TopologicalSpace.generateFrom (⋂₀ {T | is_topology X T ∧ A ⊆ T})","['TopologicalSpace', 'Set', 'TopologicalSpace.generateFrom']","[{'full_name': 'is_topology', 'formal_stmt': 'def is_topology (X : Type*) (T : Set (Set X)) :=\n  univ ∈ T ∧\n  (∀ s t, s ∈ T → t ∈ T → s ∩ t ∈ T) ∧\n  (∀s, (∀t ∈ s, t ∈ T) → sUnion s ∈ T)', 'informal_stmt': 'A topology on a type `X` is a collection `T` of subsets of `X` that includes the universal set, is closed under finite intersections, and is closed under arbitrary unions.', 'mathlib_dependencies': ['Set', 'Set.univ', 'Set.sUnion'], 'hard_dependencies': [], 'header': 'def is_topology (X : Type u_1) (T : Set (Set X)) :Prop'}]",Munkres,exercise_13_5b,Munkres.exercise_13_5b,proof,True,"import Mathlib

open Filter Set TopologicalSpace
open scoped Topology
noncomputable section","def is_topology (X : Type*) (T : Set (Set X)) :=
  univ ∈ T ∧
  (∀ s t, s ∈ T → t ∈ T → s ∩ t ∈ T) ∧
  (∀s, (∀t ∈ s, t ∈ T) → sUnion s ∈ T)"
Show that the lower limit topology $\mathbb{R}_l$ and $K$-topology $\mathbb{R}_K$ are not comparable.,"theorem exercise_13_6 :
  ¬ (∀ U, Rl.IsOpen U → K_topology.IsOpen U) ∧ ¬ (∀ U, K_topology.IsOpen U → Rl.IsOpen U) :=
sorry","import Mathlib

open Filter Set TopologicalSpace
open scoped Topology
noncomputable section

def lower_limit_topology (X : Type) [Preorder X] :=
  generateFrom {S : Set X | ∃ a b, a < b ∧ S = Ico a b}

def Rl := lower_limit_topology ℝ

def K : Set ℝ := {r | ∃ n : ℕ, r = 1 / n}

def K_topology := generateFrom
  ({S : Set ℝ | ∃ a b, a < b ∧ S = Ioo a b} ∪ {S : Set ℝ | ∃ a b, a < b ∧ S = Ioo a b \ K})


","⊢ (¬∀ (U : Set ℝ), TopologicalSpace.IsOpen U → TopologicalSpace.IsOpen U) ∧ ¬∀ (U : Set ℝ), TopologicalSpace.IsOpen U → TopologicalSpace.IsOpen U","['Set', 'TopologicalSpace.IsOpen']","[{'full_name': 'lower_limit_topology', 'formal_stmt': 'def lower_limit_topology (X : Type) [Preorder X] :=\n  generateFrom {S : Set X | ∃ a b, a < b ∧ S = Ico a b}', 'informal_stmt': 'The `lower_limit_topology` on a preordered set `X` is the topological space generated by the collection of all left-closed, right-open intervals `[a, b)`.', 'mathlib_dependencies': ['Preorder', 'TopologicalSpace.generateFrom', 'Set', 'Set.Ico'], 'hard_dependencies': [], 'header': 'def lower_limit_topology (X : Type) [inst✝ : Preorder X] :TopologicalSpace X'}, {'full_name': 'Rl', 'formal_stmt': 'def Rl := lower_limit_topology ℝ', 'informal_stmt': 'The object `Rl` is the lower limit topology on the real numbers \\(\\mathbb{R}\\), generated by all left-closed, right-open intervals \\([a, b)\\).', 'mathlib_dependencies': [], 'hard_dependencies': ['lower_limit_topology'], 'header': 'def Rl :TopologicalSpace ℝ'}, {'full_name': 'K', 'formal_stmt': 'def K : Set ℝ := {r | ∃ n : ℕ, r = 1 / n}', 'informal_stmt': 'The set \\( K \\) is the collection of all real numbers that can be expressed as the reciprocal of a natural number.', 'mathlib_dependencies': ['Set'], 'hard_dependencies': [], 'header': 'def K :Set ℝ'}, {'full_name': 'K_topology', 'formal_stmt': 'def K_topology := generateFrom\n  ({S : Set ℝ | ∃ a b, a < b ∧ S = Ioo a b} ∪ {S : Set ℝ | ∃ a b, a < b ∧ S = Ioo a b \\ K})', 'informal_stmt': 'The object `K_topology` is the topological space on \\(\\mathbb{R}\\) generated by the union of all open intervals \\((a, b)\\) and all open intervals \\((a, b)\\) with \\(K\\) removed.', 'mathlib_dependencies': ['TopologicalSpace.generateFrom', 'Set', 'Set.Ioo'], 'hard_dependencies': ['K'], 'header': 'def K_topology :TopologicalSpace ℝ'}]",Munkres,exercise_13_6,Munkres.exercise_13_6,proof,True,"import Mathlib

open Filter Set TopologicalSpace
open scoped Topology
noncomputable section","def lower_limit_topology (X : Type) [Preorder X] :=
  generateFrom {S : Set X | ∃ a b, a < b ∧ S = Ico a b}

def Rl := lower_limit_topology ℝ

def K : Set ℝ := {r | ∃ n : ℕ, r = 1 / n}

def K_topology := generateFrom
  ({S : Set ℝ | ∃ a b, a < b ∧ S = Ioo a b} ∪ {S : Set ℝ | ∃ a b, a < b ∧ S = Ioo a b \ K})"
"Show that the collection $\{(a,b) \mid a < b, a \text{ and } b \text{ rational}\}$ is a basis that generates a topology different from the lower limit topology on $\mathbb{R}$.","theorem exercise_13_8b :
  (generateFrom {S : Set ℝ | ∃ a b : ℚ, a < b ∧ S = Ico ↑a ↑b}).IsOpen ≠
  (lower_limit_topology ℝ).IsOpen :=
sorry","import Mathlib

open Filter Set TopologicalSpace
open scoped Topology
noncomputable section


def lower_limit_topology (X : Type) [Preorder X] :=
  generateFrom {S : Set X | ∃ a b, a < b ∧ S = Ico a b}


",⊢ TopologicalSpace.IsOpen ≠ TopologicalSpace.IsOpen,['TopologicalSpace.IsOpen'],"[{'full_name': 'lower_limit_topology', 'formal_stmt': 'def lower_limit_topology (X : Type) [Preorder X] :=\n  generateFrom {S : Set X | ∃ a b, a < b ∧ S = Ico a b}', 'informal_stmt': 'The `lower_limit_topology` on a preordered set `X` is the topological space generated by the collection of all left-closed, right-open intervals `[a, b)`.', 'mathlib_dependencies': ['Preorder', 'TopologicalSpace.generateFrom', 'Set', 'Set.Ico'], 'hard_dependencies': [], 'header': 'def lower_limit_topology (X : Type) [inst✝ : Preorder X] :TopologicalSpace X'}]",Munkres,exercise_13_8b,Munkres.exercise_13_8b,proof,True,"import Mathlib

open Filter Set TopologicalSpace
open scoped Topology
noncomputable section","def lower_limit_topology (X : Type) [Preorder X] :=
  generateFrom {S : Set X | ∃ a b, a < b ∧ S = Ico a b}"
"Show that the countable collection \[\{(a, b) \times (c, d) \mid a < b \text{ and } c < d, \text{ and } a, b, c, d \text{ are rational}\}\] is a basis for $\mathbb{R}^2$.","theorem exercise_16_6
  (S : Set (Set (ℝ × ℝ)))
  (hS : ∀ s, s ∈ S → ∃ a b c d, (rational a ∧ rational b ∧ rational c ∧ rational d
  ∧ s = {x | ∃ x₁ x₂, x = (x₁, x₂) ∧ a < x₁ ∧ x₁ < b ∧ c < x₂ ∧ x₂ < d})) :
  IsTopologicalBasis S :=
sorry","import Mathlib

open Filter Set TopologicalSpace
open scoped Topology
noncomputable section


def rational (x : ℝ) := x ∈ range ((↑) : ℚ → ℝ)


","S : Set (Set (ℝ × ℝ))
hS : ∀ s ∈ S, ∃ a b c d, rational a ∧ rational b ∧ rational c ∧ rational d ∧ s = {x | ∃ x₁ x₂, x = (x₁, x₂) ∧ a < x₁ ∧ x₁ < b ∧ c < x₂ ∧ x₂ < d}
⊢ TopologicalSpace.IsTopologicalBasis S","['Set', 'TopologicalSpace.IsTopologicalBasis']","[{'full_name': 'rational', 'formal_stmt': 'def rational (x : ℝ) := x ∈ range ((↑) : ℚ → ℝ)', 'informal_stmt': 'A real number `x` is `rational` if `x` is in the image of the embedding of the rationals into the reals.', 'mathlib_dependencies': ['Set.range'], 'hard_dependencies': [], 'header': 'def rational (x : ℝ ) :Prop'}]",Munkres,exercise_16_6,Munkres.exercise_16_6,proof,True,"import Mathlib

open Filter Set TopologicalSpace
open scoped Topology
noncomputable section",def rational (x : ℝ) := x ∈ range ((↑) : ℚ → ℝ)
"Define $f_{n}:[0,1] \rightarrow \mathbb{R}$ by the equation $f_{n}(x)=x^{n}$. Show that the sequence $\left(f_{n}(x)\right)$ converges for each $x \in[0,1]$.","theorem exercise_21_6a
  (f : ℕ → I → ℝ )
  (h : ∀ x n, f n x = x ^ n) :
  ∀ x, ∃ y, Tendsto (λ n => f n x) atTop (𝓝 y) :=
sorry","import Mathlib

open Filter Set TopologicalSpace
open scoped Topology
noncomputable section


abbrev I : Set ℝ := Icc 0 1


","f : ℕ → ↑I → ℝ
h : ∀ (x : ↑I) (n : ℕ), f n x = ↑x ^ n
⊢ ∀ (x : ↑I), ∃ y, Filter.Tendsto (fun n ↦ f n x) Filter.atTop (𝓝 y)","['Filter.Tendsto', 'Filter.atTop']","[{'full_name': 'I', 'formal_stmt': 'abbrev I : Set ℝ := Icc 0 1', 'informal_stmt': '`I` is the set of all real numbers `x` such that `0 ≤ x ≤ 1`.', 'mathlib_dependencies': ['Set', 'Set.Icc'], 'hard_dependencies': [], 'header': 'abbrev I :Set ℝ'}]",Munkres,exercise_21_6a,Munkres.exercise_21_6a,proof,True,"import Mathlib

open Filter Set TopologicalSpace
open scoped Topology
noncomputable section",abbrev I : Set ℝ := Icc 0 1
"Define $f_{n}:[0,1] \rightarrow \mathbb{R}$ by the equation $f_{n}(x)=x^{n}$. Show that the sequence $\left(f_{n}\right)$ does not converge uniformly.","theorem exercise_21_6b
  (f : ℕ → I → ℝ )
  (h : ∀ x n, f n x = x ^ n) :
  ¬ ∃ f₀, TendstoUniformly f f₀ atTop :=
sorry","import Mathlib

open Filter Set TopologicalSpace
open scoped Topology
noncomputable section


abbrev I : Set ℝ := Icc 0 1


","f : ℕ → ↑I → ℝ
h : ∀ (x : ↑I) (n : ℕ), f n x = ↑x ^ n
⊢ ¬∃ f₀, TendstoUniformly f f₀ Filter.atTop","['TendstoUniformly', 'Filter.atTop']","[{'full_name': 'I', 'formal_stmt': 'abbrev I : Set ℝ := Icc 0 1', 'informal_stmt': '`I` is the set of all real numbers `x` such that `0 ≤ x ≤ 1`.', 'mathlib_dependencies': ['Set', 'Set.Icc'], 'hard_dependencies': [], 'header': 'abbrev I :Set ℝ'}]",Munkres,exercise_21_6b,Munkres.exercise_21_6b,proof,True,"import Mathlib

open Filter Set TopologicalSpace
open scoped Topology
noncomputable section",abbrev I : Set ℝ := Icc 0 1
"A space $X$ is said to be countably compact if every countable open covering of $X$ contains a finite subcollection that covers $X$. Show that for a $T_1$ space $X$, countable compactness is equivalent to limit point compactness.","theorem exercise_28_4 {X : Type*}
  [TopologicalSpace X] (hT1 : T1Space X) :
  countably_compact X ↔ limit_point_compact X :=
sorry","import Mathlib

open Filter Set TopologicalSpace
open scoped Topology
noncomputable section


def countably_compact (X : Type*) [TopologicalSpace X] :=
  ∀ U : ℕ → Set X,
  (∀ i, IsOpen (U i)) ∧ ((univ : Set X) ⊆ ⋃ i, U i) →
  (∃ t : Finset ℕ, (univ : Set X) ⊆ ⋃ i ∈ t, U i)

def limit_point_compact (X : Type*) [TopologicalSpace X] :=
  ∀ U : Set X, Infinite U → ∃ x ∈ U, ClusterPt x (𝓟 U)


","X : Type u_1
inst✝ : TopologicalSpace X
hT1 : T1Space X
⊢ countably_compact X ↔ limit_point_compact X","['TopologicalSpace', 'T1Space']","[{'full_name': 'countably_compact', 'formal_stmt': 'def countably_compact (X : Type*) [TopologicalSpace X] :=\n  ∀ U : ℕ → Set X,\n  (∀ i, IsOpen (U i)) ∧ ((univ : Set X) ⊆ ⋃ i, U i) →\n  (∃ t : Finset ℕ, (univ : Set X) ⊆ ⋃ i ∈ t, U i)', 'informal_stmt': 'A `countably_compact` topological space \\( X \\) is one where every countable open cover has a finite subcover.', 'mathlib_dependencies': ['TopologicalSpace', 'Set', 'IsOpen', 'Set.univ', 'Finset'], 'hard_dependencies': [], 'header': 'def countably_compact (X : Type u_1) [inst✝ : TopologicalSpace X] :Prop'}, {'full_name': 'limit_point_compact', 'formal_stmt': 'def limit_point_compact (X : Type*) [TopologicalSpace X] :=\n  ∀ U : Set X, Infinite U → ∃ x ∈ U, ClusterPt x (𝓟 U)', 'informal_stmt': 'A topological space `X` is limit point compact if every infinite subset `U` of `X` has a cluster point `x` in `U`.', 'mathlib_dependencies': ['TopologicalSpace', 'Set', 'Infinite', 'ClusterPt'], 'hard_dependencies': [], 'header': 'def limit_point_compact (X : Type u_1) [inst✝ : TopologicalSpace X] :Prop'}]",Munkres,exercise_28_4,Munkres.exercise_28_4,proof,True,"import Mathlib

open Filter Set TopologicalSpace
open scoped Topology
noncomputable section","def countably_compact (X : Type*) [TopologicalSpace X] :=
  ∀ U : ℕ → Set X,
  (∀ i, IsOpen (U i)) ∧ ((univ : Set X) ⊆ ⋃ i, U i) →
  (∃ t : Finset ℕ, (univ : Set X) ⊆ ⋃ i ∈ t, U i)

def limit_point_compact (X : Type*) [TopologicalSpace X] :=
  ∀ U : Set X, Infinite U → ∃ x ∈ U, ClusterPt x (𝓟 U)"
Show that X is countably compact if and only if every nested sequence $C_1 \supset C_2 \supset \cdots$ of closed nonempty sets of X has a nonempty intersection.,"theorem exercise_28_5
  (X : Type*) [TopologicalSpace X] :
  countably_compact X ↔ ∀ (C : ℕ → Set X), (∀ n, IsClosed (C n)) ∧
  (∀ n, C n ≠ ∅) ∧ (∀ n, C n ⊆ C (n + 1)) → ∃ x, ∀ n, x ∈ C n :=
sorry","import Mathlib

open Filter Set TopologicalSpace
open scoped Topology
noncomputable section


def countably_compact (X : Type*) [TopologicalSpace X] :=
  ∀ U : ℕ → Set X,
  (∀ i, IsOpen (U i)) ∧ ((univ : Set X) ⊆ ⋃ i, U i) →
  (∃ t : Finset ℕ, (univ : Set X) ⊆ ⋃ i ∈ t, U i)


","X : Type u_1
inst✝ : TopologicalSpace X
⊢ countably_compact X ↔ ∀ (C : ℕ → Set X), ((∀ (n : ℕ), IsClosed (C n)) ∧ (∀ (n : ℕ), C n ≠ ∅) ∧ ∀ (n : ℕ), C n ⊆ C (n + 1)) → ∃ x, ∀ (n : ℕ), x ∈ C n","['TopologicalSpace', 'Set', 'IsClosed']","[{'full_name': 'countably_compact', 'formal_stmt': 'def countably_compact (X : Type*) [TopologicalSpace X] :=\n  ∀ U : ℕ → Set X,\n  (∀ i, IsOpen (U i)) ∧ ((univ : Set X) ⊆ ⋃ i, U i) →\n  (∃ t : Finset ℕ, (univ : Set X) ⊆ ⋃ i ∈ t, U i)', 'informal_stmt': 'A `countably_compact` topological space \\( X \\) is one where every countable open cover has a finite subcover.', 'mathlib_dependencies': ['TopologicalSpace', 'Set', 'IsOpen', 'Set.univ', 'Finset'], 'hard_dependencies': [], 'header': 'def countably_compact (X : Type u_1) [inst✝ : TopologicalSpace X] :Prop'}]",Munkres,exercise_28_5,Munkres.exercise_28_5,proof,True,"import Mathlib

open Filter Set TopologicalSpace
open scoped Topology
noncomputable section","def countably_compact (X : Type*) [TopologicalSpace X] :=
  ∀ U : ℕ → Set X,
  (∀ i, IsOpen (U i)) ∧ ((univ : Set X) ⊆ ⋃ i, U i) →
  (∃ t : Finset ℕ, (univ : Set X) ⊆ ⋃ i ∈ t, U i)"
"Show that $[0, 1]^\omega$ is not locally compact in the uniform topology.","theorem exercise_29_4 [TopologicalSpace (ℕ → I)] :
  ¬ LocallyCompactSpace (ℕ → I) :=
sorry","import Mathlib

open Filter Set TopologicalSpace
open scoped Topology
noncomputable section


abbrev I : Set ℝ := Icc 0 1


","inst✝ : TopologicalSpace (ℕ → ↑I)
⊢ ¬LocallyCompactSpace (ℕ → ↑I)","['TopologicalSpace', 'LocallyCompactSpace']","[{'full_name': 'I', 'formal_stmt': 'abbrev I : Set ℝ := Icc 0 1', 'informal_stmt': '`I` is the set of all real numbers `x` such that `0 ≤ x ≤ 1`.', 'mathlib_dependencies': ['Set', 'Set.Icc'], 'hard_dependencies': [], 'header': 'abbrev I :Set ℝ'}]",Munkres,exercise_29_4,Munkres.exercise_29_4,proof,True,"import Mathlib

open Filter Set TopologicalSpace
open scoped Topology
noncomputable section",abbrev I : Set ℝ := Icc 0 1
Show that every locally compact Hausdorff space is completely regular.,"theorem exercise_33_7 {X : Type*} [TopologicalSpace X]
  (hX : LocallyCompactSpace X) (hX' : T2Space X) :
  ∀ x A, IsClosed A ∧ ¬ x ∈ A →
  ∃ (f : X → I), Continuous f ∧ f x = 1 ∧ f '' A = {0}
  :=
sorry","import Mathlib

open Filter Set TopologicalSpace
open scoped Topology
noncomputable section


abbrev I : Set ℝ := Icc 0 1


","X : Type u_1
inst✝ : TopologicalSpace X
hX : LocallyCompactSpace X
hX' : T2Space X
⊢ ∀ (x : X) (A : Set X), IsClosed A ∧ x ∉ A → ∃ f, Continuous f ∧ f x = 1 ∧ f '' A = {0}","['TopologicalSpace', 'LocallyCompactSpace', 'T2Space', 'Set', 'IsClosed', 'Continuous']","[{'full_name': 'I', 'formal_stmt': 'abbrev I : Set ℝ := Icc 0 1', 'informal_stmt': '`I` is the set of all real numbers `x` such that `0 ≤ x ≤ 1`.', 'mathlib_dependencies': ['Set', 'Set.Icc'], 'hard_dependencies': [], 'header': 'abbrev I :Set ℝ'}]",Munkres,exercise_33_7,Munkres.exercise_33_7,proof,True,"import Mathlib

open Filter Set TopologicalSpace
open scoped Topology
noncomputable section",abbrev I : Set ℝ := Icc 0 1
"Let $X$ be completely regular, let $A$ and $B$ be disjoint closed subsets of $X$. Show that if $A$ is compact, there is a continuous function $f \colon X \rightarrow [0, 1]$ such that $f(A) = \{0\}$ and $f(B) = \{1\}$.","theorem exercise_33_8
  (X : Type*) [TopologicalSpace X] [RegularSpace X]
  (h : ∀ x A, IsClosed A ∧ ¬ x ∈ A →
  ∃ (f : X → I), Continuous f ∧ f x = (1 : I) ∧ f '' A = {0})
  (A B : Set X) (hA : IsClosed A) (hB : IsClosed B)
  (hAB : Disjoint A B)
  (hAc : IsCompact A) :
  ∃ (f : X → I), Continuous f ∧ f '' A = {0} ∧ f '' B = {1} :=
sorry","import Mathlib

open Filter Set TopologicalSpace
open scoped Topology
noncomputable section


abbrev I : Set ℝ := Icc 0 1


","X : Type u_1
inst✝¹ : TopologicalSpace X
inst✝ : RegularSpace X
h : ∀ (x : X) (A : Set X), IsClosed A ∧ x ∉ A → ∃ f, Continuous f ∧ f x = 1 ∧ f '' A = {0}
A, B : Set X
hA : IsClosed A
hB : IsClosed B
hAB : Disjoint A B
hAc : IsCompact A
⊢ ∃ f, Continuous f ∧ f '' A = {0} ∧ f '' B = {1}","['TopologicalSpace', 'RegularSpace', 'Set', 'IsClosed', 'Continuous', 'Disjoint', 'IsCompact']","[{'full_name': 'I', 'formal_stmt': 'abbrev I : Set ℝ := Icc 0 1', 'informal_stmt': '`I` is the set of all real numbers `x` such that `0 ≤ x ≤ 1`.', 'mathlib_dependencies': ['Set', 'Set.Icc'], 'hard_dependencies': [], 'header': 'abbrev I :Set ℝ'}]",Munkres,exercise_33_8,Munkres.exercise_33_8,proof,True,"import Mathlib

open Filter Set TopologicalSpace
open scoped Topology
noncomputable section",abbrev I : Set ℝ := Icc 0 1
Let $X$ be completely regular. Show that $X$ is connected if and only if the Stone-Čech compactification of $X$ is connected.,"theorem exercise_38_6 {X : Type*}
  (X : Type*) [TopologicalSpace X] [RegularSpace X]
  (h : ∀ x A, IsClosed A ∧ ¬ x ∈ A →
  ∃ (f : X → I), Continuous f ∧ f x = (1 : I) ∧ f '' A = {0}) :
  IsConnected (univ : Set X) ↔ IsConnected (univ : Set (StoneCech X)) :=
sorry","import Mathlib

open Filter Set TopologicalSpace
open scoped Topology
noncomputable section


abbrev I : Set ℝ := Icc 0 1


","X✝ : Type u_1
X : Type u_2
inst✝¹ : TopologicalSpace X
inst✝ : RegularSpace X
h : ∀ (x : X) (A : Set X), IsClosed A ∧ x ∉ A → ∃ f, Continuous f ∧ f x = 1 ∧ f '' A = {0}
⊢ IsConnected Set.univ ↔ IsConnected Set.univ","['TopologicalSpace', 'RegularSpace', 'Set', 'IsClosed', 'Continuous', 'IsConnected', 'Set.univ']","[{'full_name': 'I', 'formal_stmt': 'abbrev I : Set ℝ := Icc 0 1', 'informal_stmt': '`I` is the set of all real numbers `x` such that `0 ≤ x ≤ 1`.', 'mathlib_dependencies': ['Set', 'Set.Icc'], 'hard_dependencies': [], 'header': 'abbrev I :Set ℝ'}]",Munkres,exercise_38_6,Munkres.exercise_38_6,proof,True,"import Mathlib

open Filter Set TopologicalSpace
open scoped Topology
noncomputable section",abbrev I : Set ℝ := Icc 0 1
